{
    "student":[
      {"ID":1234 ,"firstName":"Marwan", "lastName":"Shams","std_year":"Third secondary","coursecode":"PH-551","password":1234},
      {"ID":1235 ,"firstName":"Mina", "lastName":"Gergis","std_year":"Third secondary","coursecode":"PH-551","password":1235},
      {"ID":1246 ,"firstName":"Yehia", "lastName":"Ayman","std_year":"Third secondary","coursecode":"ST-251","password":1246},
      {"ID":1268 ,"firstName":"Mohamed", "lastName":"AboAli","std_year":"Third secondary","coursecode":"PH-551","password":1268},
      {"ID":1275 ,"firstName":"Moazz", "lastName":"Alaa","std_year":"secondary secondary","coursecode":"PH-665","password":1275},
      {"ID":1222 ,"firstName":"Mohamed", "lastName":"Sherif","std_year":"Third secondary","coursecode":"PH-551","password":1222},
      {"ID":1223 ,"firstName":"Mohamed", "lastName":"Hussien","std_year":"Secondary secondary","coursecode":"PH-665","password":1223},
      {"ID":1232 ,"firstName":"Seif", "lastName":"waled","std_year":"third secondary","coursecode":"PH-551","password":1232},
      {"ID":1231 ,"firstName":"Hassan", "lastName":"Allam","std_year":" secondary secondary","coursecode":"PH-665","password":1231},
      {"ID":1230 ,"firstName":"Mohab", "lastName":"khalel","std_year":"Second secondary","coursecode":"ST-245","password":1230},
      {"ID":1255 ,"firstName":"Mohamed", "lastName":"saad","std_year":"Second secondary","coursecode":"ST-245","password":1255},
      {"ID":1250 ,"firstName":"Menna", "lastName":"Mohamed","std_year":"Second secondary","coursecode":"ST-245","password":1250},
      {"ID":1251 ,"firstName":"Aya", "lastName":"Assem","std_year":"first secondary","coursecode":"ST-350","password":1251},
      {"ID":1253 ,"firstName":"Merna", "lastName":"Mina","std_year":"first secondary","coursecode":"ST-350","password":1253},
      {"ID":1254 ,"firstName":"Menna", "lastName":"Mamdouh","std_year":"first secondary","coursecode":"ST-350","password":1254},
      {"ID":1259 ,"firstName":"Nada", "lastName":"Mohsen","std_year":"first secondary","coursecode":"ST-350","password":1259},
      {"ID":1274 ,"firstName":"Nour", "lastName":"Saleem","std_year":"first secondary","coursecode":"PH-155","password":1274},
      {"ID":1258 ,"firstName":"Marwa", "lastName":"Bakar","std_year":"first secondary","coursecode":"PH-155","password":1258},
      {"ID":1234 ,"firstName":"Marwan", "lastName":"Shams","std_year":"Third secondary","coursecode":"ST-251","password":1234},
      {"ID":1235 ,"firstName":"Mina", "lastName":"Gergis","std_year":"Third secondary","coursecode":"DY-332","password":1235},
      {"ID":1246 ,"firstName":"Yehia", "lastName":"Ayman","std_year":"Third secondary","coursecode":"DY-332","password":1246},
      {"ID":1268 ,"firstName":"Mohamed", "lastName":"AboAli","std_year":"Third secondary","coursecode":"ST-251","password":1268},
      {"ID":1275 ,"firstName":"Moazz", "lastName":"Alaa","std_year":"secondary secondary","coursecode":"ST-245","password":1275},
      {"ID":1222 ,"firstName":"Mohamed", "lastName":"Sherif","std_year":"Third secondary","coursecode":"ST-251","password":1222},
      {"ID":1223 ,"firstName":"Mohamed", "lastName":"Hussien","std_year":"Secondary secondary","coursecode":"DY-385","password":1223},
      {"ID":1232 ,"firstName":"Seif", "lastName":"waled","std_year":"third secondary","coursecode":"DY-332","password":1232},
      {"ID":1231 ,"firstName":"Hassan", "lastName":"Allam","std_year":" secondary secondary","coursecode":"DY-385","password":1231},
      {"ID":1230 ,"firstName":"Mohab", "lastName":"khalel","std_year":"Second secondary","coursecode":"DY-385","password":1230},
      {"ID":1255 ,"firstName":"Mohamed", "lastName":"saad","std_year":"Second secondary","coursecode":"DY-385","password":1255},
      {"ID":1250 ,"firstName":"Menna", "lastName":"Mohamed","std_year":"Second secondary","coursecode":"PH-665","password":1250},
      {"ID":1251 ,"firstName":"Aya", "lastName":"Assem","std_year":"first secondary","coursecode":"PH-155","password":1251},
      {"ID":1253 ,"firstName":"Merna", "lastName":"Mina","std_year":"first secondary","coursecode":"PH-155","password":1253},
      {"ID":1254 ,"firstName":"Menna", "lastName":"Mamdouh","std_year":"first secondary","coursecode":"PH-155","password":1254},
      {"ID":1259 ,"firstName":"Nada", "lastName":"Mohsen","std_year":"first secondary","coursecode":"DY-398","password":1259},
      {"ID":1274 ,"firstName":"Nour", "lastName":"Saleem","std_year":"first secondary","coursecode":"DY-398","password":1274},
      {"ID":1258 ,"firstName":"Marwa", "lastName":"Bakar","std_year":"first secondary","coursecode":"DY-398","password":1258}
    ],
        "teacher":[
          {"ID":1377 ,"firstName":"Amira", "lastName":"ELsayed","coursecode":"PH-551"},
          {"ID":1377 ,"firstName":"Amira", "lastName":"ELsayed","coursecode":"PH-665"},
          {"ID":1377 ,"firstName":"Amira", "lastName":"ELsayed","coursecode":"PH-155"},
          {"ID":1399 ,"firstName":"Mohamed", "lastName":"Khaled","coursecode":"ST-251"},
          {"ID":1399 ,"firstName":"Mohamed", "lastName":"Khaled","coursecode":"ST-245"},
          {"ID":1399 ,"firstName":"Mohamed", "lastName":"Khaled","coursecode":"ST-350"},
          {"ID":1310 ,"firstName":"Marwan", "lastName":"Abdelslam","coursecode":"DY-332"},
          {"ID":1310 ,"firstName":"Marwan", "lastName":"Abdelslam","coursecode":"DY-385"},
          {"ID":1310 ,"firstName":"Marwan", "lastName":"Abdelslam","coursecode":"DY-398"}
        ],
            "course":[
              {"courseName":"Physics", "room_num":5,"coursecode":"PH-155","num_of_seats":10,"day":"wednesday","time":"9am","std_year":"first secondary","ID":1274},
              {"courseName":"Physics", "room_num":5,"coursecode":"PH-155","num_of_seats":10,"day":"wednesday","time":"9am","std_year":"first secondary","ID":1258},
              {"courseName":"Physics", "room_num":5,"coursecode":"PH-155","num_of_seats":10,"day":"wednesday","time":"9am","std_year":"first secondary","ID":1251},
              {"courseName":"Physics", "room_num":5,"coursecode":"PH-155","num_of_seats":10,"day":"wednesday","time":"9am","std_year":"first secondary","ID":1253},
              {"courseName":"Physics", "room_num":5,"coursecode":"PH-155","num_of_seats":10,"day":"wednesday","time":"9am","std_year":"first secondary","ID":1254},
              {"courseName":"Physics", "room_num":4,"coursecode":"PH-665","num_of_seats":10,"day":"wednesday","time":"11am","std_year":"second secondary","ID":1275},
              {"courseName":"Physics", "room_num":4,"coursecode":"PH-665","num_of_seats":10,"day":"wednesday","time":"11am","std_year":"second secondary","ID":1223},
              {"courseName":"Physics", "room_num":4,"coursecode":"PH-665","num_of_seats":10,"day":"wednesday","time":"11am","std_year":"second secondary","ID":1231},
              {"courseName":"Physics", "room_num":4,"coursecode":"PH-665","num_of_seats":10,"day":"wednesday","time":"11am","std_year":"second secondary","ID":1250},
              {"courseName":"Physics", "room_num":3,"coursecode":"PH-551","num_of_seats":10,"day":"wednesday","time":"1pm","std_year":"third secondary","ID":1234},
              {"courseName":"Physics", "room_num":3,"coursecode":"PH-551","num_of_seats":10,"day":"wednesday","time":"1pm","std_year":"third secondary","ID":1235},
              {"courseName":"Physics", "room_num":3,"coursecode":"PH-551","num_of_seats":10,"day":"wednesday","time":"1pm","std_year":"third secondary","ID":1268},
              {"courseName":"Physics", "room_num":3,"coursecode":"PH-551","num_of_seats":10,"day":"wednesday","time":"1pm","std_year":"third secondary","ID":1222},
              {"courseName":"Physics", "room_num":3,"coursecode":"PH-551","num_of_seats":10,"day":"wednesday","time":"1pm","std_year":"third secondary","ID":1232},
              {"courseName":"Statics", "room_num":5,"coursecode":"ST-350","num_of_seats":10,"day":"thursday","time":"9am","std_year":"first secondary","ID":1251},
              {"courseName":"Statics", "room_num":5,"coursecode":"ST-350","num_of_seats":10,"day":"thursday","time":"9am","std_year":"first secondary","ID":1253},
              {"courseName":"Statics", "room_num":5,"coursecode":"ST-350","num_of_seats":10,"day":"thursday","time":"9am","std_year":"first secondary","ID":1254},
              {"courseName":"Statics", "room_num":5,"coursecode":"ST-350","num_of_seats":10,"day":"thursday","time":"9am","std_year":"first secondary","ID":1259},
              {"courseName":"Statics", "room_num":4,"coursecode":"ST-245","num_of_seats":10,"day":"thursday","time":"11am","std_year":"second secondary","ID":1230},
              {"courseName":"Statics", "room_num":4,"coursecode":"ST-245","num_of_seats":10,"day":"thursday","time":"11am","std_year":"second secondary","ID":1255},
              {"courseName":"Statics", "room_num":4,"coursecode":"ST-245","num_of_seats":10,"day":"thursday","time":"11am","std_year":"second secondary","ID":1250},
              {"courseName":"Statics", "room_num":4,"coursecode":"ST-245","num_of_seats":10,"day":"thursday","time":"11am","std_year":"second secondary","ID":1275},
              {"courseName":"Statics", "room_num":3,"coursecode":"ST-251","num_of_seats":10,"day":"thursday","time":"1pm","std_year":"third secondary","ID":1246},
              {"courseName":"Statics", "room_num":3,"coursecode":"ST-251","num_of_seats":10,"day":"thursday","time":"1pm","std_year":"third secondary","ID":1234},
              {"courseName":"Statics", "room_num":3,"coursecode":"ST-251","num_of_seats":10,"day":"thursday","time":"1pm","std_year":"third secondary","ID":1268},
              {"courseName":"Statics", "room_num":3,"coursecode":"ST-251","num_of_seats":10,"day":"thursday","time":"1pm","std_year":"third secondary","ID":1222},
              {"courseName":"Dynamics", "room_num":5,"coursecode":"DY-398","num_of_seats":10,"day":"sunday","time":"9am","std_year":"first secondary","ID":1258},
              {"courseName":"Dynamics", "room_num":5,"coursecode":"DY-398","num_of_seats":10,"day":"sunday","time":"9am","std_year":"first secondary","ID":1259},
              {"courseName":"Dynamics", "room_num":5,"coursecode":"DY-398","num_of_seats":10,"day":"sunday","time":"9am","std_year":"first secondary","ID":1274},
              {"courseName":"Dynamics", "room_num":4,"coursecode":"DY-385","num_of_seats":10,"day":"sunday","time":"11am","std_year":"second secondary","ID":1223},
              {"courseName":"Dynamics", "room_num":4,"coursecode":"DY-385","num_of_seats":10,"day":"sunday","time":"11am","std_year":"second secondary","ID":1231},
              {"courseName":"Dynamics", "room_num":4,"coursecode":"DY-385","num_of_seats":10,"day":"sunday","time":"11am","std_year":"second secondary","ID":1230},
              {"courseName":"Dynamics", "room_num":4,"coursecode":"DY-385","num_of_seats":10,"day":"sunday","time":"11am","std_year":"second secondary","ID":1255},
              {"courseName":"Dynamics", "room_num":3,"coursecode":"DY-332","num_of_seats":10,"day":"sunday","time":"1pm","std_year":"third secondary","ID":1235},
              {"courseName":"Dynamics", "room_num":3,"coursecode":"DY-332","num_of_seats":10,"day":"sunday","time":"1pm","std_year":"third secondary","ID":1246},
              {"courseName":"Dynamics", "room_num":3,"coursecode":"DY-332","num_of_seats":10,"day":"sunday","time":"1pm","std_year":"third secondary","ID":1232}
            ]
}